CustomerKey,CustomerID,CustomerName,Country
1,CUST92,Joseph Briggs,Norway
2,CUST46,Jeffrey Doyle,Spain
3,CUST82,Stephen Donaldson,France
4,CUST64,Susan Vang,Norway
5,CUST18,Rachel Torres,Portugal
6,CUST68,Shawn Long,Netherlands
7,CUST78,Mark Kelly,Norway
8,CUST52,Sheila Cox,Italy
9,CUST91,Patricia Barnes,United Kingdom
10,CUST61,Rebecca Harris,Norway
11,CUST53,Lindsay Johnson,Portugal
12,CUST94,Angela Jackson,Italy
13,CUST94,Angela Jackson,Portugal
14,CUST68,Shawn Long,France
15,CUST34,Emily Powers,Spain
16,CUST45,Edward Ross,Germany
17,CUST33,Bradley Harris,United Kingdom
18,CUST72,Scott Kaufman,United Kingdom
19,CUST72,Scott Kaufman,Norway
20,CUST85,Robert Williams,Germany
21,CUST90,Ryan Smith,Netherlands
22,CUST23,Jeffrey Baker,Netherlands
23,CUST95,Corey Fischer,France
24,CUST12,Laura Cortez,Spain
25,CUST72,Scott Kaufman,Spain
26,CUST77,Jessica Sellers,Italy
27,CUST71,Jessica Burns,Portugal
28,CUST82,Stephen Donaldson,Netherlands
29,CUST53,Lindsay Johnson,Italy
30,CUST63,Ian Liu,Spain
31,CUST51,James Green,United Kingdom
32,CUST7,Mark Barr,Italy
33,CUST32,Judith Smith,Spain
34,CUST96,Jacqueline Taylor,Germany
35,CUST74,Gabriella Mack,Norway
36,CUST83,Michael Hall,Italy
37,CUST69,David Hardy,Portugal
38,CUST32,Judith Smith,Germany
39,CUST49,Crystal Patel,Italy
40,CUST89,Amy Campos,Portugal
41,CUST29,Sean Burke,Unknown Country
42,CUST68,Shawn Long,Italy
43,CUST98,Amanda Tran,Netherlands
44,CUST17,Timothy Murphy,Portugal
45,CUST95,Corey Fischer,Germany
46,CUST5,Brett Perez,Spain
47,CUST30,Elizabeth Cervantes,Netherlands
48,CUST35,Cory Lee,Portugal
49,CUST3,Christopher James MD,Netherlands
50,CUST61,Rebecca Harris,Italy
51,CUST12,Laura Cortez,Italy
52,CUST1,Monica Sloan,Portugal
53,CUST64,Susan Vang,Portugal
54,CUST57,Natasha Coffey,Portugal
55,CUST40,Eric Russell,United Kingdom
56,CUST62,Frances Meza,Portugal
57,CUST65,Miguel Shelton,Netherlands
58,CUST98,Amanda Tran,Norway
59,CUST30,Elizabeth Cervantes,Norway
60,CUST85,Robert Williams,France
61,CUST13,Jessica Monroe,Portugal
62,CUST98,Amanda Tran,Portugal
63,CUST89,Amy Campos,Netherlands
64,CUST11,Jeremy Decker,Norway
65,CUST60,Melanie Kidd,Netherlands
66,CUST55,Ashley Young,Netherlands
67,CUST96,Jacqueline Taylor,Portugal
68,CUST81,Brandi Gilmore,United Kingdom
69,CUST12,Laura Cortez,Netherlands
70,CUST16,Steven Hall,Portugal
71,CUST82,Stephen Donaldson,Italy
72,CUST72,Scott Kaufman,Italy
73,CUST48,Denise Robinson,Norway
74,CUST31,Nicholas Vargas,Italy
75,CUST51,James Green,Netherlands
76,CUST15,Kevin Fuller,United Kingdom
77,CUST9,Brooke Murray,Portugal
78,CUST29,Sean Burke,United Kingdom
79,CUST8,Joel Baker,Portugal
80,CUST41,Maria Wise,Netherlands
81,CUST11,Jeremy Decker,Germany
82,CUST76,Jose Ryan,Italy
83,CUST80,Jamie Stanton,United Kingdom
84,CUST28,Carl Davila,Germany
85,CUST39,Natasha Murphy,Spain
86,CUST86,Ashley Lewis,Italy
87,CUST15,Kevin Fuller,Norway
88,CUST58,Margaret Rodriguez,Italy
89,CUST81,Brandi Gilmore,Netherlands
90,CUST58,Margaret Rodriguez,Germany
91,CUST32,Judith Smith,Portugal
92,CUST37,Adam Perez,Norway
93,CUST93,Sarah Davenport,France
94,CUST86,Ashley Lewis,Norway
95,CUST28,Carl Davila,Italy
96,CUST20,Debbie Brown,France
97,CUST6,Amber Chavez,Norway
98,CUST65,Miguel Shelton,Norway
99,CUST98,Amanda Tran,France
100,CUST66,Frederick Smith,Spain
101,CUST23,Jeffrey Baker,Portugal
102,CUST67,Jerry Baldwin,Netherlands
103,CUST9,Brooke Murray,Spain
104,CUST20,Debbie Brown,Portugal
105,CUST18,Rachel Torres,Germany
106,CUST41,Maria Wise,Italy
107,CUST71,Jessica Burns,France
108,CUST41,Maria Wise,Germany
109,CUST100,Gabrielle Castaneda,France
110,CUST75,Michelle Glover,France
111,CUST73,Ashley Fisher,United Kingdom
112,CUST27,Derrick Hood,Norway
113,CUST83,Michael Hall,Netherlands
114,CUST89,Amy Campos,Unknown Country
115,CUST78,Mark Kelly,France
116,CUST21,Alejandro Galloway,Italy
117,CUST25,Kevin Rios,Italy
118,CUST71,Jessica Burns,Netherlands
119,CUST67,Jerry Baldwin,Portugal
120,CUST61,Rebecca Harris,Netherlands
121,CUST59,Mark Reed,Italy
122,CUST34,Emily Powers,Portugal
123,CUST39,Natasha Murphy,Netherlands
124,CUST72,Scott Kaufman,Netherlands
125,CUST51,James Green,Italy
126,CUST86,Ashley Lewis,Spain
127,CUST61,Rebecca Harris,Portugal
128,CUST23,Jeffrey Baker,Norway
129,CUST38,Michael Gibson,United Kingdom
130,CUST43,Nichole Sanchez,Netherlands
131,CUST12,Laura Cortez,Norway
132,CUST39,Natasha Murphy,United Kingdom
133,CUST91,Patricia Barnes,Netherlands
134,CUST66,Frederick Smith,Portugal
135,CUST70,Mary Wells,United Kingdom
136,CUST49,Crystal Patel,Spain
137,CUST9,Brooke Murray,Germany
138,CUST19,Zoe Goodman,Spain
139,CUST45,Edward Ross,Norway
140,CUST49,Crystal Patel,France
141,CUST50,Jill Johnson,Spain
142,CUST48,Denise Robinson,Germany
143,CUST27,Derrick Hood,Italy
144,CUST34,Emily Powers,Italy
145,CUST38,Michael Gibson,France
146,CUST64,Susan Vang,Italy
147,CUST53,Lindsay Johnson,France
148,CUST65,Miguel Shelton,Portugal
149,CUST85,Robert Williams,Portugal
150,CUST23,Jeffrey Baker,Germany
151,CUST90,Ryan Smith,France
152,CUST13,Jessica Monroe,United Kingdom
153,CUST10,Jason Lopez,Netherlands
154,CUST97,Ashlee Padilla,France
155,CUST100,Gabrielle Castaneda,Italy
156,CUST71,Jessica Burns,Norway
157,CUST80,Jamie Stanton,Netherlands
158,CUST93,Sarah Davenport,Spain
159,CUST35,Cory Lee,Netherlands
160,CUST18,Rachel Torres,Netherlands
161,CUST32,Judith Smith,Italy
162,CUST26,Sharon Fox,France
163,CUST38,Michael Gibson,Germany
164,CUST52,Sheila Cox,Norway
165,CUST20,Debbie Brown,Italy
166,CUST22,Julie Phillips,Spain
167,CUST91,Patricia Barnes,Spain
168,CUST69,David Hardy,France
169,CUST63,Ian Liu,Italy
170,CUST46,Jeffrey Doyle,Portugal
171,CUST76,Jose Ryan,Germany
172,CUST50,Jill Johnson,Unknown Country
173,CUST23,Jeffrey Baker,France
174,CUST11,Jeremy Decker,United Kingdom
175,CUST74,Gabriella Mack,Germany
176,CUST57,Natasha Coffey,Spain
177,CUST5,Brett Perez,Portugal
178,CUST31,Nicholas Vargas,Spain
179,CUST22,Julie Phillips,France
180,CUST77,Jessica Sellers,France
181,CUST99,Susan Webb,Germany
182,CUST55,Ashley Young,Spain
183,CUST90,Ryan Smith,Italy
184,CUST41,Maria Wise,France
185,CUST55,Ashley Young,Norway
186,CUST11,Jeremy Decker,Netherlands
187,CUST73,Ashley Fisher,France
188,CUST42,Stephen Walker,Spain
189,CUST26,Sharon Fox,Netherlands
190,CUST76,Jose Ryan,Portugal
191,CUST1,Monica Sloan,Norway
192,CUST8,Joel Baker,France
193,CUST51,James Green,Germany
194,CUST22,Julie Phillips,Portugal
195,CUST23,Jeffrey Baker,United Kingdom
196,CUST14,Vicki Roach,France
197,CUST43,Nichole Sanchez,Germany
198,CUST28,Carl Davila,France
199,CUST75,Michelle Glover,Spain
200,CUST95,Corey Fischer,United Kingdom
201,CUST5,Brett Perez,Germany
202,CUST44,James Haas,Netherlands
203,CUST84,Michael Hernandez,Italy
204,CUST29,Sean Burke,France
205,CUST94,Angela Jackson,United Kingdom
206,CUST41,Maria Wise,Spain
207,CUST10,Jason Lopez,Spain
208,CUST71,Jessica Burns,Germany
209,CUST84,Michael Hernandez,France
210,CUST20,Debbie Brown,United Kingdom
211,CUST34,Emily Powers,Germany
212,CUST35,Cory Lee,United Kingdom
213,CUST97,Ashlee Padilla,Portugal
214,CUST94,Angela Jackson,Germany
215,CUST36,Tyler Mitchell,Portugal
216,CUST13,Jessica Monroe,Germany
217,CUST34,Emily Powers,Norway
218,CUST36,Tyler Mitchell,Norway
219,CUST43,Nichole Sanchez,Spain
220,CUST30,Elizabeth Cervantes,France
221,CUST48,Denise Robinson,United Kingdom
222,CUST16,Steven Hall,United Kingdom
223,CUST50,Jill Johnson,United Kingdom
224,CUST99,Susan Webb,United Kingdom
225,CUST80,Jamie Stanton,Norway
226,CUST77,Jessica Sellers,Netherlands
227,CUST36,Tyler Mitchell,Italy
228,CUST20,Debbie Brown,Spain
229,CUST25,Kevin Rios,Germany
230,CUST92,Joseph Briggs,France
231,CUST8,Joel Baker,United Kingdom
232,CUST62,Frances Meza,Norway
233,CUST45,Edward Ross,Netherlands
234,CUST9,Brooke Murray,United Kingdom
235,CUST56,Melissa Myers,France
236,CUST84,Michael Hernandez,United Kingdom
237,CUST54,Melissa Hicks,Germany
238,CUST15,Kevin Fuller,Germany
239,CUST49,Crystal Patel,Unknown Country
240,CUST85,Robert Williams,Spain
241,CUST22,Julie Phillips,Germany
242,CUST47,Roger Hess,United Kingdom
243,CUST92,Joseph Briggs,Italy
244,CUST46,Jeffrey Doyle,Netherlands
245,CUST26,Sharon Fox,Spain
246,CUST14,Vicki Roach,Norway
247,CUST58,Margaret Rodriguez,Portugal
248,CUST42,Stephen Walker,Norway
249,CUST96,Jacqueline Taylor,Netherlands
250,CUST27,Derrick Hood,Netherlands
251,CUST87,Troy Bishop,Spain
252,CUST88,Olivia Hansen,Italy
253,CUST76,Jose Ryan,Spain
254,CUST42,Stephen Walker,United Kingdom
255,CUST67,Jerry Baldwin,Germany
256,CUST45,Edward Ross,Spain
257,CUST70,Mary Wells,Netherlands
258,CUST81,Brandi Gilmore,Spain
259,CUST83,Michael Hall,Germany
260,CUST18,Rachel Torres,Norway
261,CUST29,Sean Burke,Netherlands
262,CUST37,Adam Perez,Germany
263,CUST40,Eric Russell,France
264,CUST47,Roger Hess,France
265,CUST100,Gabrielle Castaneda,Netherlands
266,CUST3,Christopher James MD,United Kingdom
267,CUST65,Miguel Shelton,United Kingdom
268,CUST62,Frances Meza,Italy
269,CUST48,Denise Robinson,Spain
270,CUST59,Mark Reed,United Kingdom
271,CUST30,Elizabeth Cervantes,Germany
272,CUST6,Amber Chavez,France
273,CUST99,Susan Webb,France
274,CUST78,Mark Kelly,Germany
275,CUST69,David Hardy,Germany
276,CUST72,Scott Kaufman,Portugal
277,CUST40,Eric Russell,Italy
278,CUST58,Margaret Rodriguez,France
279,CUST79,Jason Russell,United Kingdom
280,CUST77,Jessica Sellers,United Kingdom
281,CUST85,Robert Williams,Netherlands
282,CUST79,Jason Russell,France
283,CUST26,Sharon Fox,United Kingdom
284,CUST100,Gabrielle Castaneda,Portugal
285,CUST47,Roger Hess,Unknown Country
286,CUST97,Ashlee Padilla,Italy
287,CUST74,Gabriella Mack,Spain
288,CUST64,Susan Vang,France
289,CUST22,Julie Phillips,Italy
290,CUST10,Jason Lopez,Germany
291,CUST61,Rebecca Harris,United Kingdom
292,CUST56,Melissa Myers,Netherlands
293,CUST63,Ian Liu,Portugal
294,CUST1,Monica Sloan,Italy
295,CUST9,Brooke Murray,France
296,CUST33,Bradley Harris,Norway
297,CUST36,Tyler Mitchell,Germany
298,CUST90,Ryan Smith,Portugal
299,CUST9,Brooke Murray,Norway
300,CUST37,Adam Perez,Italy
301,CUST27,Derrick Hood,Portugal
302,CUST39,Natasha Murphy,Germany
303,CUST55,Ashley Young,Germany
304,CUST21,Alejandro Galloway,Portugal
305,CUST99,Susan Webb,Netherlands
306,CUST37,Adam Perez,United Kingdom
307,CUST74,Gabriella Mack,France
308,CUST13,Jessica Monroe,Netherlands
309,CUST99,Susan Webb,Italy
310,CUST38,Michael Gibson,Norway
311,CUST17,Timothy Murphy,France
312,CUST42,Stephen Walker,Italy
313,CUST49,Crystal Patel,Germany
314,CUST88,Olivia Hansen,Spain
315,CUST73,Ashley Fisher,Spain
316,CUST50,Jill Johnson,Portugal
317,CUST32,Judith Smith,Norway
318,CUST96,Jacqueline Taylor,United Kingdom
319,CUST25,Kevin Rios,Netherlands
320,CUST65,Miguel Shelton,Germany
321,CUST42,Stephen Walker,Portugal
322,CUST16,Steven Hall,Germany
323,CUST91,Patricia Barnes,Norway
324,CUST39,Natasha Murphy,Italy
325,CUST37,Adam Perez,France
326,CUST61,Rebecca Harris,France
327,CUST12,Laura Cortez,Portugal
328,CUST1,Monica Sloan,Germany
329,CUST82,Stephen Donaldson,Spain
330,CUST60,Melanie Kidd,Norway
331,CUST3,Christopher James MD,Spain
332,CUST50,Jill Johnson,France
333,CUST19,Zoe Goodman,Germany
334,CUST43,Nichole Sanchez,Portugal
335,CUST92,Joseph Briggs,Germany
336,CUST50,Jill Johnson,Germany
337,CUST56,Melissa Myers,Italy
338,CUST57,Natasha Coffey,France
339,CUST77,Jessica Sellers,Norway
340,CUST18,Rachel Torres,United Kingdom
341,CUST79,Jason Russell,Portugal
342,CUST20,Debbie Brown,Netherlands
343,CUST62,Frances Meza,Germany
344,CUST38,Michael Gibson,Netherlands
345,CUST73,Ashley Fisher,Netherlands
346,CUST11,Jeremy Decker,France
347,CUST96,Jacqueline Taylor,Spain
348,CUST68,Shawn Long,Norway
349,CUST88,Olivia Hansen,United Kingdom
350,CUST67,Jerry Baldwin,Italy
351,CUST24,Tammy Martin MD,Germany
352,CUST52,Sheila Cox,Germany
353,CUST69,David Hardy,Italy
354,CUST58,Margaret Rodriguez,United Kingdom
355,CUST5,Brett Perez,France
356,CUST1,Monica Sloan,Spain
357,CUST44,James Haas,Spain
358,CUST90,Ryan Smith,Germany
359,CUST47,Roger Hess,Italy
360,CUST100,Gabrielle Castaneda,Spain
361,CUST95,Corey Fischer,Spain
362,CUST54,Melissa Hicks,Portugal
363,CUST45,Edward Ross,France
364,CUST66,Frederick Smith,United Kingdom
365,CUST94,Angela Jackson,Norway
366,CUST39,Natasha Murphy,Portugal
367,CUST53,Lindsay Johnson,Netherlands
368,CUST18,Rachel Torres,Spain
369,CUST1,Monica Sloan,France
370,CUST86,Ashley Lewis,Netherlands
371,CUST16,Steven Hall,Netherlands
372,CUST75,Michelle Glover,Italy
373,CUST63,Ian Liu,Norway
374,CUST14,Vicki Roach,United Kingdom
375,CUST19,Zoe Goodman,Netherlands
376,CUST13,Jessica Monroe,Spain
377,CUST87,Troy Bishop,Germany
378,CUST53,Lindsay Johnson,Germany
379,CUST92,Brian Green,Norway
380,CUST46,Wendy Martin,Spain
381,CUST82,Russell Gibson,France
382,CUST64,Ann Swanson,Norway
383,CUST18,April Willis,Portugal
384,CUST68,Timothy West,Netherlands
385,CUST78,Jeremy Jackson,Norway
386,CUST52,Bradley Gutierrez,Italy
387,CUST91,Erin Reid,United Kingdom
388,CUST61,Michelle Harris,Norway
389,CUST53,Tasha Williamson,Portugal
390,CUST94,Jessica Cross,Italy
391,CUST94,Jessica Cross,Portugal
392,CUST68,Timothy West,France
393,CUST34,Anita Bell,Spain
394,CUST45,Lori Hines,Germany
395,CUST33,Gregory Ford,United Kingdom
396,CUST72,Victoria Hernandez,United Kingdom
397,CUST72,Victoria Hernandez,Norway
398,CUST85,John Cruz,Germany
399,CUST90,Michael Tapia,Netherlands
400,CUST23,Dawn Chang,Netherlands
401,CUST95,David Kelly,France
402,CUST12,Christopher Scott,Spain
403,CUST72,Victoria Hernandez,Spain
404,CUST77,Robert Francis,Italy
405,CUST71,Timothy Williams,Portugal
406,CUST82,Russell Gibson,Netherlands
407,CUST53,Tasha Williamson,Italy
408,CUST63,Hannah Jones,Spain
409,CUST51,Terry Brown,United Kingdom
410,CUST7,Sheryl Haley,Italy
411,CUST32,Susan Johnson,Spain
412,CUST96,Chase Mccoy,Germany
413,CUST74,Terri Ballard,Norway
414,CUST83,Veronica Stewart,Italy
415,CUST69,Michael Clark,Portugal
416,CUST32,Susan Johnson,Germany
417,CUST49,Christie Kelley PhD,Italy
418,CUST89,Mr. David Williams MD,Portugal
419,CUST29,John Guerra,Unknown Country
420,CUST68,Timothy West,Italy
421,CUST98,Amanda Rivera,Netherlands
422,CUST17,Anthony Brown,Portugal
423,CUST95,David Kelly,Germany
424,CUST5,Darren Thompson,Spain
425,CUST30,Andrea Sanchez,Netherlands
426,CUST35,Brian Williams,Portugal
427,CUST3,Francisco Barber,Netherlands
428,CUST61,Michelle Harris,Italy
429,CUST12,Christopher Scott,Italy
430,CUST1,Kevin Rich,Portugal
431,CUST64,Ann Swanson,Portugal
432,CUST57,Fred Guzman,Portugal
433,CUST40,Elaine Santiago,United Kingdom
434,CUST62,Ricardo Thompson,Portugal
435,CUST65,Christopher Hood,Netherlands
436,CUST98,Amanda Rivera,Norway
437,CUST30,Andrea Sanchez,Norway
438,CUST85,John Cruz,France
439,CUST13,Jasmin Coffey,Portugal
440,CUST98,Amanda Rivera,Portugal
441,CUST89,Mr. David Williams MD,Netherlands
442,CUST11,Daniel Lane,Norway
443,CUST60,Norma Johnson,Netherlands
444,CUST55,Aaron Rosario,Netherlands
445,CUST96,Chase Mccoy,Portugal
446,CUST81,Dennis Coleman,United Kingdom
447,CUST12,Christopher Scott,Netherlands
448,CUST16,Sarah Lee,Portugal
449,CUST82,Russell Gibson,Italy
450,CUST72,Victoria Hernandez,Italy
451,CUST48,Julie Mueller,Norway
452,CUST31,Maria Miller,Italy
453,CUST51,Terry Brown,Netherlands
454,CUST15,Anthony Johnson,United Kingdom
455,CUST9,Henry Mullins,Portugal
456,CUST29,John Guerra,United Kingdom
457,CUST8,Anna Hayes,Portugal
458,CUST41,Jay Vaughn,Netherlands
459,CUST11,Daniel Lane,Germany
460,CUST76,Virginia Bailey,Italy
461,CUST80,Debbie Green,United Kingdom
462,CUST28,Stacey Greene,Germany
463,CUST39,Dawn Robbins,Spain
464,CUST86,Donna Walker,Italy
465,CUST15,Anthony Johnson,Norway
466,CUST58,Jeffrey Evans,Italy
467,CUST81,Dennis Coleman,Netherlands
468,CUST58,Jeffrey Evans,Germany
469,CUST32,Susan Johnson,Portugal
470,CUST37,Deborah Brock,Norway
471,CUST93,Amy Murray,France
472,CUST86,Donna Walker,Norway
473,CUST28,Stacey Greene,Italy
474,CUST20,Anna Smith,France
475,CUST6,Jacob Lawrence Jr.,Norway
476,CUST65,Christopher Hood,Norway
477,CUST98,Amanda Rivera,France
478,CUST66,Crystal Rhodes,Spain
479,CUST23,Dawn Chang,Portugal
480,CUST67,Melissa Lee,Netherlands
481,CUST9,Henry Mullins,Spain
482,CUST20,Anna Smith,Portugal
483,CUST18,April Willis,Germany
484,CUST41,Jay Vaughn,Italy
485,CUST71,Timothy Williams,France
486,CUST41,Jay Vaughn,Germany
487,CUST100,Thomas Martin,France
488,CUST75,Angel Stephenson,France
489,CUST73,Sheila Harris,United Kingdom
490,CUST27,Patricia Thompson,Norway
491,CUST83,Veronica Stewart,Netherlands
492,CUST89,Mr. David Williams MD,Unknown Country
493,CUST78,Jeremy Jackson,France
494,CUST21,Jacob Watson,Italy
495,CUST25,Travis Carpenter,Italy
496,CUST71,Timothy Williams,Netherlands
497,CUST67,Melissa Lee,Portugal
498,CUST61,Michelle Harris,Netherlands
499,CUST59,Dana Hutchinson,Italy
500,CUST34,Anita Bell,Portugal
501,CUST39,Dawn Robbins,Netherlands
502,CUST72,Victoria Hernandez,Netherlands
503,CUST51,Terry Brown,Italy
504,CUST86,Donna Walker,Spain
505,CUST61,Michelle Harris,Portugal
506,CUST23,Dawn Chang,Norway
507,CUST38,Amber Moore,United Kingdom
508,CUST43,Marie Sullivan,Netherlands
509,CUST12,Christopher Scott,Norway
510,CUST39,Dawn Robbins,United Kingdom
511,CUST91,Erin Reid,Netherlands
512,CUST66,Crystal Rhodes,Portugal
513,CUST70,Richard Powell,United Kingdom
514,CUST49,Christie Kelley PhD,Spain
515,CUST9,Henry Mullins,Germany
516,CUST19,Joshua Frost,Spain
517,CUST45,Lori Hines,Norway
518,CUST49,Christie Kelley PhD,France
519,CUST50,Patrick Simmons,Spain
520,CUST48,Julie Mueller,Germany
521,CUST27,Patricia Thompson,Italy
522,CUST34,Anita Bell,Italy
523,CUST38,Amber Moore,France
524,CUST64,Ann Swanson,Italy
525,CUST53,Tasha Williamson,France
526,CUST65,Christopher Hood,Portugal
527,CUST85,John Cruz,Portugal
528,CUST23,Dawn Chang,Germany
529,CUST90,Michael Tapia,France
530,CUST13,Jasmin Coffey,United Kingdom
531,CUST10,Paul Hughes,Netherlands
532,CUST97,Patrick Howard,France
533,CUST100,Thomas Martin,Italy
534,CUST71,Timothy Williams,Norway
535,CUST80,Debbie Green,Netherlands
536,CUST93,Amy Murray,Spain
537,CUST35,Brian Williams,Netherlands
538,CUST18,April Willis,Netherlands
539,CUST32,Susan Johnson,Italy
540,CUST26,Christina Sutton,France
541,CUST38,Amber Moore,Germany
542,CUST52,Bradley Gutierrez,Norway
543,CUST20,Anna Smith,Italy
544,CUST22,Diana Moreno,Spain
545,CUST91,Erin Reid,Spain
546,CUST69,Michael Clark,France
547,CUST63,Hannah Jones,Italy
548,CUST46,Wendy Martin,Portugal
549,CUST76,Virginia Bailey,Germany
550,CUST50,Patrick Simmons,Unknown Country
551,CUST23,Dawn Chang,France
552,CUST11,Daniel Lane,United Kingdom
553,CUST74,Terri Ballard,Germany
554,CUST57,Fred Guzman,Spain
555,CUST5,Darren Thompson,Portugal
556,CUST31,Maria Miller,Spain
557,CUST22,Diana Moreno,France
558,CUST77,Robert Francis,France
559,CUST99,Kenneth Salinas,Germany
560,CUST55,Aaron Rosario,Spain
561,CUST90,Michael Tapia,Italy
562,CUST41,Jay Vaughn,France
563,CUST55,Aaron Rosario,Norway
564,CUST11,Daniel Lane,Netherlands
565,CUST73,Sheila Harris,France
566,CUST42,Jenny Fischer,Spain
567,CUST26,Christina Sutton,Netherlands
568,CUST76,Virginia Bailey,Portugal
569,CUST1,Kevin Rich,Norway
570,CUST8,Anna Hayes,France
571,CUST51,Terry Brown,Germany
572,CUST22,Diana Moreno,Portugal
573,CUST23,Dawn Chang,United Kingdom
574,CUST14,Erin Banks,France
575,CUST43,Marie Sullivan,Germany
576,CUST28,Stacey Greene,France
577,CUST75,Angel Stephenson,Spain
578,CUST95,David Kelly,United Kingdom
579,CUST5,Darren Thompson,Germany
580,CUST44,Lisa Dorsey,Netherlands
581,CUST84,Johnathan Gonzalez,Italy
582,CUST29,John Guerra,France
583,CUST94,Jessica Cross,United Kingdom
584,CUST41,Jay Vaughn,Spain
585,CUST10,Paul Hughes,Spain
586,CUST71,Timothy Williams,Germany
587,CUST84,Johnathan Gonzalez,France
588,CUST20,Anna Smith,United Kingdom
589,CUST34,Anita Bell,Germany
590,CUST35,Brian Williams,United Kingdom
591,CUST97,Patrick Howard,Portugal
592,CUST94,Jessica Cross,Germany
593,CUST36,Amber Jensen,Portugal
594,CUST13,Jasmin Coffey,Germany
595,CUST34,Anita Bell,Norway
596,CUST36,Amber Jensen,Norway
597,CUST43,Marie Sullivan,Spain
598,CUST30,Andrea Sanchez,France
599,CUST48,Julie Mueller,United Kingdom
600,CUST16,Sarah Lee,United Kingdom
601,CUST50,Patrick Simmons,United Kingdom
602,CUST99,Kenneth Salinas,United Kingdom
603,CUST80,Debbie Green,Norway
604,CUST77,Robert Francis,Netherlands
605,CUST36,Amber Jensen,Italy
606,CUST20,Anna Smith,Spain
607,CUST25,Travis Carpenter,Germany
608,CUST92,Brian Green,France
609,CUST8,Anna Hayes,United Kingdom
610,CUST62,Ricardo Thompson,Norway
611,CUST45,Lori Hines,Netherlands
612,CUST9,Henry Mullins,United Kingdom
613,CUST56,James Molina,France
614,CUST84,Johnathan Gonzalez,United Kingdom
615,CUST54,Sarah Hill,Germany
616,CUST15,Anthony Johnson,Germany
617,CUST49,Christie Kelley PhD,Unknown Country
618,CUST85,John Cruz,Spain
619,CUST22,Diana Moreno,Germany
620,CUST47,Jessica Gates,United Kingdom
621,CUST92,Brian Green,Italy
622,CUST46,Wendy Martin,Netherlands
623,CUST26,Christina Sutton,Spain
624,CUST14,Erin Banks,Norway
625,CUST58,Jeffrey Evans,Portugal
626,CUST42,Jenny Fischer,Norway
627,CUST96,Chase Mccoy,Netherlands
628,CUST27,Patricia Thompson,Netherlands
629,CUST87,Kyle Preston,Spain
630,CUST88,Linda Chan,Italy
631,CUST76,Virginia Bailey,Spain
632,CUST42,Jenny Fischer,United Kingdom
633,CUST67,Melissa Lee,Germany
634,CUST45,Lori Hines,Spain
635,CUST70,Richard Powell,Netherlands
636,CUST81,Dennis Coleman,Spain
637,CUST83,Veronica Stewart,Germany
638,CUST18,April Willis,Norway
639,CUST29,John Guerra,Netherlands
640,CUST37,Deborah Brock,Germany
641,CUST40,Elaine Santiago,France
642,CUST47,Jessica Gates,France
643,CUST100,Thomas Martin,Netherlands
644,CUST3,Francisco Barber,United Kingdom
645,CUST65,Christopher Hood,United Kingdom
646,CUST62,Ricardo Thompson,Italy
647,CUST48,Julie Mueller,Spain
648,CUST59,Dana Hutchinson,United Kingdom
649,CUST30,Andrea Sanchez,Germany
650,CUST6,Jacob Lawrence Jr.,France
651,CUST99,Kenneth Salinas,France
652,CUST78,Jeremy Jackson,Germany
653,CUST69,Michael Clark,Germany
654,CUST72,Victoria Hernandez,Portugal
655,CUST40,Elaine Santiago,Italy
656,CUST58,Jeffrey Evans,France
657,CUST79,Michael Hall,United Kingdom
658,CUST77,Robert Francis,United Kingdom
659,CUST85,John Cruz,Netherlands
660,CUST79,Michael Hall,France
661,CUST26,Christina Sutton,United Kingdom
662,CUST100,Thomas Martin,Portugal
663,CUST47,Jessica Gates,Unknown Country
664,CUST97,Patrick Howard,Italy
665,CUST74,Terri Ballard,Spain
666,CUST64,Ann Swanson,France
667,CUST22,Diana Moreno,Italy
668,CUST10,Paul Hughes,Germany
669,CUST61,Michelle Harris,United Kingdom
670,CUST56,James Molina,Netherlands
671,CUST63,Hannah Jones,Portugal
672,CUST1,Kevin Rich,Italy
673,CUST9,Henry Mullins,France
674,CUST33,Gregory Ford,Norway
675,CUST36,Amber Jensen,Germany
676,CUST90,Michael Tapia,Portugal
677,CUST9,Henry Mullins,Norway
678,CUST37,Deborah Brock,Italy
679,CUST27,Patricia Thompson,Portugal
680,CUST39,Dawn Robbins,Germany
681,CUST55,Aaron Rosario,Germany
682,CUST21,Jacob Watson,Portugal
683,CUST99,Kenneth Salinas,Netherlands
684,CUST37,Deborah Brock,United Kingdom
685,CUST74,Terri Ballard,France
686,CUST13,Jasmin Coffey,Netherlands
687,CUST99,Kenneth Salinas,Italy
688,CUST38,Amber Moore,Norway
689,CUST17,Anthony Brown,France
690,CUST42,Jenny Fischer,Italy
691,CUST49,Christie Kelley PhD,Germany
692,CUST88,Linda Chan,Spain
693,CUST73,Sheila Harris,Spain
694,CUST50,Patrick Simmons,Portugal
695,CUST32,Susan Johnson,Norway
696,CUST96,Chase Mccoy,United Kingdom
697,CUST25,Travis Carpenter,Netherlands
698,CUST65,Christopher Hood,Germany
699,CUST42,Jenny Fischer,Portugal
700,CUST16,Sarah Lee,Germany
701,CUST91,Erin Reid,Norway
702,CUST39,Dawn Robbins,Italy
703,CUST37,Deborah Brock,France
704,CUST61,Michelle Harris,France
705,CUST12,Christopher Scott,Portugal
706,CUST1,Kevin Rich,Germany
707,CUST82,Russell Gibson,Spain
708,CUST60,Norma Johnson,Norway
709,CUST3,Francisco Barber,Spain
710,CUST50,Patrick Simmons,France
711,CUST19,Joshua Frost,Germany
712,CUST43,Marie Sullivan,Portugal
713,CUST92,Brian Green,Germany
714,CUST50,Patrick Simmons,Germany
715,CUST56,James Molina,Italy
716,CUST57,Fred Guzman,France
717,CUST77,Robert Francis,Norway
718,CUST18,April Willis,United Kingdom
719,CUST79,Michael Hall,Portugal
720,CUST20,Anna Smith,Netherlands
721,CUST62,Ricardo Thompson,Germany
722,CUST38,Amber Moore,Netherlands
723,CUST73,Sheila Harris,Netherlands
724,CUST11,Daniel Lane,France
725,CUST96,Chase Mccoy,Spain
726,CUST68,Timothy West,Norway
727,CUST88,Linda Chan,United Kingdom
728,CUST67,Melissa Lee,Italy
729,CUST24,Danielle Meadows,Germany
730,CUST52,Bradley Gutierrez,Germany
731,CUST69,Michael Clark,Italy
732,CUST58,Jeffrey Evans,United Kingdom
733,CUST5,Darren Thompson,France
734,CUST1,Kevin Rich,Spain
735,CUST44,Lisa Dorsey,Spain
736,CUST90,Michael Tapia,Germany
737,CUST47,Jessica Gates,Italy
738,CUST100,Thomas Martin,Spain
739,CUST95,David Kelly,Spain
740,CUST54,Sarah Hill,Portugal
741,CUST45,Lori Hines,France
742,CUST66,Crystal Rhodes,United Kingdom
743,CUST94,Jessica Cross,Norway
744,CUST39,Dawn Robbins,Portugal
745,CUST53,Tasha Williamson,Netherlands
746,CUST18,April Willis,Spain
747,CUST1,Kevin Rich,France
748,CUST86,Donna Walker,Netherlands
749,CUST16,Sarah Lee,Netherlands
750,CUST75,Angel Stephenson,Italy
751,CUST63,Hannah Jones,Norway
752,CUST14,Erin Banks,United Kingdom
753,CUST19,Joshua Frost,Netherlands
754,CUST13,Jasmin Coffey,Spain
755,CUST87,Kyle Preston,Germany
756,CUST53,Tasha Williamson,Germany
757,CUST92,Tyler Adams,Norway
758,CUST46,Tyler Torres,Spain
759,CUST82,Megan Guerrero,France
760,CUST64,Connor Bailey,Norway
761,CUST18,William Bryan,Portugal
762,CUST68,Ashley King,Netherlands
763,CUST78,Erik Williams,Norway
764,CUST52,Peter Reid,Italy
765,CUST91,Evan Evans,United Kingdom
766,CUST61,Joel Buchanan DVM,Norway
767,CUST53,Dawn Williams,Portugal
768,CUST94,Sarah Cruz,Italy
769,CUST94,Sarah Cruz,Portugal
770,CUST68,Ashley King,France
771,CUST34,Shawn Roberts,Spain
772,CUST45,Harold French,Germany
773,CUST33,Adriana Carroll,United Kingdom
774,CUST72,Thomas Little,United Kingdom
775,CUST72,Thomas Little,Norway
776,CUST85,Michael Jones,Germany
777,CUST90,Kelsey Ayala,Netherlands
778,CUST23,David Diaz,Netherlands
779,CUST95,Kristi Hogan,France
780,CUST12,Veronica Taylor,Spain
781,CUST72,Thomas Little,Spain
782,CUST77,Mr. Dennis Smith,Italy
783,CUST71,Stephanie Webb,Portugal
784,CUST82,Megan Guerrero,Netherlands
785,CUST53,Dawn Williams,Italy
786,CUST63,Margaret Blair,Spain
787,CUST51,Ray Edwards,United Kingdom
788,CUST7,Nancy Sims,Italy
789,CUST32,Sara Jones,Spain
790,CUST96,Sara Contreras,Germany
791,CUST74,Charles Dixon,Norway
792,CUST83,Nichole Lowery,Italy
793,CUST69,Mrs. Kristina Brown MD,Portugal
794,CUST32,Sara Jones,Germany
795,CUST49,Yvonne Hall,Italy
796,CUST89,Steven Nash,Portugal
797,CUST29,Alexander Berry,Unknown Country
798,CUST68,Ashley King,Italy
799,CUST98,Matthew Holland,Netherlands
800,CUST17,Austin Mullins,Portugal
801,CUST95,Kristi Hogan,Germany
802,CUST5,Ann Miller,Spain
803,CUST30,Jessica Young,Netherlands
804,CUST35,Dana Fisher,Portugal
805,CUST3,Sandy Smith,Netherlands
806,CUST61,Joel Buchanan DVM,Italy
807,CUST12,Veronica Taylor,Italy
808,CUST1,Jeremy Sexton,Portugal
809,CUST64,Connor Bailey,Portugal
810,CUST57,Sarah Jones,Portugal
811,CUST40,Kristin Harmon,United Kingdom
812,CUST62,David Underwood,Portugal
813,CUST65,Michael Parker,Netherlands
814,CUST98,Matthew Holland,Norway
815,CUST30,Jessica Young,Norway
816,CUST85,Michael Jones,France
817,CUST13,Gary Lee,Portugal
818,CUST98,Matthew Holland,Portugal
819,CUST89,Steven Nash,Netherlands
820,CUST11,Maria Leonard,Norway
821,CUST60,Roger Myers,Netherlands
822,CUST55,Ernest Campbell,Netherlands
823,CUST96,Sara Contreras,Portugal
824,CUST81,Tammy Pacheco,United Kingdom
825,CUST12,Veronica Taylor,Netherlands
826,CUST16,Michelle Luna,Portugal
827,CUST82,Megan Guerrero,Italy
828,CUST72,Thomas Little,Italy
829,CUST48,Kelli Dennis,Norway
830,CUST31,Kevin Rodriguez,Italy
831,CUST51,Ray Edwards,Netherlands
832,CUST15,Sharon Byrd,United Kingdom
833,CUST9,John Robles,Portugal
834,CUST29,Alexander Berry,United Kingdom
835,CUST8,Brian Brown,Portugal
836,CUST41,William Johnson,Netherlands
837,CUST11,Maria Leonard,Germany
838,CUST76,Christopher Clark,Italy
839,CUST80,Evan Gordon,United Kingdom
840,CUST28,Kathryn Thomas,Germany
841,CUST39,William Hill,Spain
842,CUST86,Daniel Spencer,Italy
843,CUST15,Sharon Byrd,Norway
844,CUST58,John Black,Italy
845,CUST81,Tammy Pacheco,Netherlands
846,CUST58,John Black,Germany
847,CUST32,Sara Jones,Portugal
848,CUST37,Jackson Woods,Norway
849,CUST93,Shawn Herrera,France
850,CUST86,Daniel Spencer,Norway
851,CUST28,Kathryn Thomas,Italy
852,CUST20,Dana Edwards,France
853,CUST6,Olivia Wright,Norway
854,CUST65,Michael Parker,Norway
855,CUST98,Matthew Holland,France
856,CUST66,Kevin Davidson,Spain
857,CUST23,David Diaz,Portugal
858,CUST67,Victoria Cruz,Netherlands
859,CUST9,John Robles,Spain
860,CUST20,Dana Edwards,Portugal
861,CUST18,William Bryan,Germany
862,CUST41,William Johnson,Italy
863,CUST71,Stephanie Webb,France
864,CUST41,William Johnson,Germany
865,CUST100,Gerald Duncan,France
866,CUST75,Christopher Rodriguez,France
867,CUST73,Gary Smith,United Kingdom
868,CUST27,Tiffany Ramirez,Norway
869,CUST83,Nichole Lowery,Netherlands
870,CUST89,Steven Nash,Unknown Country
871,CUST78,Erik Williams,France
872,CUST21,Jasmine Wright,Italy
873,CUST25,Jordan Deleon,Italy
874,CUST71,Stephanie Webb,Netherlands
875,CUST67,Victoria Cruz,Portugal
876,CUST61,Joel Buchanan DVM,Netherlands
877,CUST59,Jermaine Boyd III,Italy
878,CUST34,Shawn Roberts,Portugal
879,CUST39,William Hill,Netherlands
880,CUST72,Thomas Little,Netherlands
881,CUST51,Ray Edwards,Italy
882,CUST86,Daniel Spencer,Spain
883,CUST61,Joel Buchanan DVM,Portugal
884,CUST23,David Diaz,Norway
885,CUST38,Kyle Callahan,United Kingdom
886,CUST43,Jennifer Stevens,Netherlands
887,CUST12,Veronica Taylor,Norway
888,CUST39,William Hill,United Kingdom
889,CUST91,Evan Evans,Netherlands
890,CUST66,Kevin Davidson,Portugal
891,CUST70,Sean Bryant,United Kingdom
892,CUST49,Yvonne Hall,Spain
893,CUST9,John Robles,Germany
894,CUST19,Michael Saunders,Spain
895,CUST45,Harold French,Norway
896,CUST49,Yvonne Hall,France
897,CUST50,Kristen Jones,Spain
898,CUST48,Kelli Dennis,Germany
899,CUST27,Tiffany Ramirez,Italy
900,CUST34,Shawn Roberts,Italy
901,CUST38,Kyle Callahan,France
902,CUST64,Connor Bailey,Italy
903,CUST53,Dawn Williams,France
904,CUST65,Michael Parker,Portugal
905,CUST85,Michael Jones,Portugal
906,CUST23,David Diaz,Germany
907,CUST90,Kelsey Ayala,France
908,CUST13,Gary Lee,United Kingdom
909,CUST10,Mark Gamble,Netherlands
910,CUST97,William Lee,France
911,CUST100,Gerald Duncan,Italy
912,CUST71,Stephanie Webb,Norway
913,CUST80,Evan Gordon,Netherlands
914,CUST93,Shawn Herrera,Spain
915,CUST35,Dana Fisher,Netherlands
916,CUST18,William Bryan,Netherlands
917,CUST32,Sara Jones,Italy
918,CUST26,Sharon Thompson,France
919,CUST38,Kyle Callahan,Germany
920,CUST52,Peter Reid,Norway
921,CUST20,Dana Edwards,Italy
922,CUST22,Michele Pittman,Spain
923,CUST91,Evan Evans,Spain
924,CUST69,Mrs. Kristina Brown MD,France
925,CUST63,Margaret Blair,Italy
926,CUST46,Tyler Torres,Portugal
927,CUST76,Christopher Clark,Germany
928,CUST50,Kristen Jones,Unknown Country
929,CUST23,David Diaz,France
930,CUST11,Maria Leonard,United Kingdom
931,CUST74,Charles Dixon,Germany
932,CUST57,Sarah Jones,Spain
933,CUST5,Ann Miller,Portugal
934,CUST31,Kevin Rodriguez,Spain
935,CUST22,Michele Pittman,France
936,CUST77,Mr. Dennis Smith,France
937,CUST99,Anthony Gordon,Germany
938,CUST55,Ernest Campbell,Spain
939,CUST90,Kelsey Ayala,Italy
940,CUST41,William Johnson,France
941,CUST55,Ernest Campbell,Norway
942,CUST11,Maria Leonard,Netherlands
943,CUST73,Gary Smith,France
944,CUST42,Jessica Carter,Spain
945,CUST26,Sharon Thompson,Netherlands
946,CUST76,Christopher Clark,Portugal
947,CUST1,Jeremy Sexton,Norway
948,CUST8,Brian Brown,France
949,CUST51,Ray Edwards,Germany
950,CUST22,Michele Pittman,Portugal
951,CUST23,David Diaz,United Kingdom
952,CUST14,Sylvia Long,France
953,CUST43,Jennifer Stevens,Germany
954,CUST28,Kathryn Thomas,France
955,CUST75,Christopher Rodriguez,Spain
956,CUST95,Kristi Hogan,United Kingdom
957,CUST5,Ann Miller,Germany
958,CUST44,Teresa Black,Netherlands
959,CUST84,Maria Espinoza,Italy
960,CUST29,Alexander Berry,France
961,CUST94,Sarah Cruz,United Kingdom
962,CUST41,William Johnson,Spain
963,CUST10,Mark Gamble,Spain
964,CUST71,Stephanie Webb,Germany
965,CUST84,Maria Espinoza,France
966,CUST20,Dana Edwards,United Kingdom
967,CUST34,Shawn Roberts,Germany
968,CUST35,Dana Fisher,United Kingdom
969,CUST97,William Lee,Portugal
970,CUST94,Sarah Cruz,Germany
971,CUST36,Reginald Sampson,Portugal
972,CUST13,Gary Lee,Germany
973,CUST34,Shawn Roberts,Norway
974,CUST36,Reginald Sampson,Norway
975,CUST43,Jennifer Stevens,Spain
976,CUST30,Jessica Young,France
977,CUST48,Kelli Dennis,United Kingdom
978,CUST16,Michelle Luna,United Kingdom
979,CUST50,Kristen Jones,United Kingdom
980,CUST99,Anthony Gordon,United Kingdom
981,CUST80,Evan Gordon,Norway
982,CUST77,Mr. Dennis Smith,Netherlands
983,CUST36,Reginald Sampson,Italy
984,CUST20,Dana Edwards,Spain
985,CUST25,Jordan Deleon,Germany
986,CUST92,Tyler Adams,France
987,CUST8,Brian Brown,United Kingdom
988,CUST62,David Underwood,Norway
989,CUST45,Harold French,Netherlands
990,CUST9,John Robles,United Kingdom
991,CUST56,Ashley Smith,France
992,CUST84,Maria Espinoza,United Kingdom
993,CUST54,Kenneth Robinson,Germany
994,CUST15,Sharon Byrd,Germany
995,CUST49,Yvonne Hall,Unknown Country
996,CUST85,Michael Jones,Spain
997,CUST22,Michele Pittman,Germany
998,CUST47,Caitlin Hickman,United Kingdom
999,CUST92,Tyler Adams,Italy
1000,CUST46,Tyler Torres,Netherlands
1001,CUST26,Sharon Thompson,Spain
1002,CUST14,Sylvia Long,Norway
1003,CUST58,John Black,Portugal
1004,CUST42,Jessica Carter,Norway
1005,CUST96,Sara Contreras,Netherlands
1006,CUST27,Tiffany Ramirez,Netherlands
1007,CUST87,Xavier Townsend,Spain
1008,CUST88,Tony Woods,Italy
1009,CUST76,Christopher Clark,Spain
1010,CUST42,Jessica Carter,United Kingdom
1011,CUST67,Victoria Cruz,Germany
1012,CUST45,Harold French,Spain
1013,CUST70,Sean Bryant,Netherlands
1014,CUST81,Tammy Pacheco,Spain
1015,CUST83,Nichole Lowery,Germany
1016,CUST18,William Bryan,Norway
1017,CUST29,Alexander Berry,Netherlands
1018,CUST37,Jackson Woods,Germany
1019,CUST40,Kristin Harmon,France
1020,CUST47,Caitlin Hickman,France
1021,CUST100,Gerald Duncan,Netherlands
1022,CUST3,Sandy Smith,United Kingdom
1023,CUST65,Michael Parker,United Kingdom
1024,CUST62,David Underwood,Italy
1025,CUST48,Kelli Dennis,Spain
1026,CUST59,Jermaine Boyd III,United Kingdom
1027,CUST30,Jessica Young,Germany
1028,CUST6,Olivia Wright,France
1029,CUST99,Anthony Gordon,France
1030,CUST78,Erik Williams,Germany
1031,CUST69,Mrs. Kristina Brown MD,Germany
1032,CUST72,Thomas Little,Portugal
1033,CUST40,Kristin Harmon,Italy
1034,CUST58,John Black,France
1035,CUST79,Daniel Carey,United Kingdom
1036,CUST77,Mr. Dennis Smith,United Kingdom
1037,CUST85,Michael Jones,Netherlands
1038,CUST79,Daniel Carey,France
1039,CUST26,Sharon Thompson,United Kingdom
1040,CUST100,Gerald Duncan,Portugal
1041,CUST47,Caitlin Hickman,Unknown Country
1042,CUST97,William Lee,Italy
1043,CUST74,Charles Dixon,Spain
1044,CUST64,Connor Bailey,France
1045,CUST22,Michele Pittman,Italy
1046,CUST10,Mark Gamble,Germany
1047,CUST61,Joel Buchanan DVM,United Kingdom
1048,CUST56,Ashley Smith,Netherlands
1049,CUST63,Margaret Blair,Portugal
1050,CUST1,Jeremy Sexton,Italy
1051,CUST9,John Robles,France
1052,CUST33,Adriana Carroll,Norway
1053,CUST36,Reginald Sampson,Germany
1054,CUST90,Kelsey Ayala,Portugal
1055,CUST9,John Robles,Norway
1056,CUST37,Jackson Woods,Italy
1057,CUST27,Tiffany Ramirez,Portugal
1058,CUST39,William Hill,Germany
1059,CUST55,Ernest Campbell,Germany
1060,CUST21,Jasmine Wright,Portugal
1061,CUST99,Anthony Gordon,Netherlands
1062,CUST37,Jackson Woods,United Kingdom
1063,CUST74,Charles Dixon,France
1064,CUST13,Gary Lee,Netherlands
1065,CUST99,Anthony Gordon,Italy
1066,CUST38,Kyle Callahan,Norway
1067,CUST17,Austin Mullins,France
1068,CUST42,Jessica Carter,Italy
1069,CUST49,Yvonne Hall,Germany
1070,CUST88,Tony Woods,Spain
1071,CUST73,Gary Smith,Spain
1072,CUST50,Kristen Jones,Portugal
1073,CUST32,Sara Jones,Norway
1074,CUST96,Sara Contreras,United Kingdom
1075,CUST25,Jordan Deleon,Netherlands
1076,CUST65,Michael Parker,Germany
1077,CUST42,Jessica Carter,Portugal
1078,CUST16,Michelle Luna,Germany
1079,CUST91,Evan Evans,Norway
1080,CUST39,William Hill,Italy
1081,CUST37,Jackson Woods,France
1082,CUST61,Joel Buchanan DVM,France
1083,CUST12,Veronica Taylor,Portugal
1084,CUST1,Jeremy Sexton,Germany
1085,CUST82,Megan Guerrero,Spain
1086,CUST60,Roger Myers,Norway
1087,CUST3,Sandy Smith,Spain
1088,CUST50,Kristen Jones,France
1089,CUST19,Michael Saunders,Germany
1090,CUST43,Jennifer Stevens,Portugal
1091,CUST92,Tyler Adams,Germany
1092,CUST50,Kristen Jones,Germany
1093,CUST56,Ashley Smith,Italy
1094,CUST57,Sarah Jones,France
1095,CUST77,Mr. Dennis Smith,Norway
1096,CUST18,William Bryan,United Kingdom
1097,CUST79,Daniel Carey,Portugal
1098,CUST20,Dana Edwards,Netherlands
1099,CUST62,David Underwood,Germany
1100,CUST38,Kyle Callahan,Netherlands
1101,CUST73,Gary Smith,Netherlands
1102,CUST11,Maria Leonard,France
1103,CUST96,Sara Contreras,Spain
1104,CUST68,Ashley King,Norway
1105,CUST88,Tony Woods,United Kingdom
1106,CUST67,Victoria Cruz,Italy
1107,CUST24,Mitchell Church,Germany
1108,CUST52,Peter Reid,Germany
1109,CUST69,Mrs. Kristina Brown MD,Italy
1110,CUST58,John Black,United Kingdom
1111,CUST5,Ann Miller,France
1112,CUST1,Jeremy Sexton,Spain
1113,CUST44,Teresa Black,Spain
1114,CUST90,Kelsey Ayala,Germany
1115,CUST47,Caitlin Hickman,Italy
1116,CUST100,Gerald Duncan,Spain
1117,CUST95,Kristi Hogan,Spain
1118,CUST54,Kenneth Robinson,Portugal
1119,CUST45,Harold French,France
1120,CUST66,Kevin Davidson,United Kingdom
1121,CUST94,Sarah Cruz,Norway
1122,CUST39,William Hill,Portugal
1123,CUST53,Dawn Williams,Netherlands
1124,CUST18,William Bryan,Spain
1125,CUST1,Jeremy Sexton,France
1126,CUST86,Daniel Spencer,Netherlands
1127,CUST16,Michelle Luna,Netherlands
1128,CUST75,Christopher Rodriguez,Italy
1129,CUST63,Margaret Blair,Norway
1130,CUST14,Sylvia Long,United Kingdom
1131,CUST19,Michael Saunders,Netherlands
1132,CUST13,Gary Lee,Spain
1133,CUST87,Xavier Townsend,Germany
1134,CUST53,Dawn Williams,Germany
